window,beta,t_nw,r2_ofi,n,r2_quad,r2_ti,r2_plc_p5,r2_plc_m5,depth_mean,frac_spread_gt1,block,weekend,day,events
1693526400000000,7.705984106127505e-05,2.302167519269673,0.25401853288656207,118,0.48893729441418465,0.5354860547715433,0.0002722815858829941,0.00017884156614711433,1006.8093220338983,0.00847457627118644,0,0,2023-09-01,1381764
1693533600000000,0.00013753486299889704,5.442035037948434,0.5263809516019791,120,0.6807010931312519,0.6214664024937027,0.0034303253246618093,0.0041210924104416735,1107.1833333333334,0.016666666666666666,0,0,2023-09-01,1381764
1693540800000000,0.0002193302181317028,6.582042158806274,0.5478161568846367,120,0.5783493680262788,0.36797050284789545,0.03558494415009461,0.038759290222689424,1294.6125,0.0,1,0,2023-09-01,1381764
1693548000000000,0.00016336869954660098,3.0843448775795896,0.3818144043319499,118,0.6269457102450902,0.45770649621566695,8.966181682557028e-06,0.0001918191457985774,805.2838983050848,0.00847457627118644,1,0,2023-09-01,1381764
1693555200000000,0.00018118088466241193,5.618905660647891,0.3629362050259506,118,0.4170340630431625,0.5905836521781341,0.0028953757005627523,0.042482117076284465,1327.0635593220338,0.00847457627118644,2,0,2023-09-01,1381764
1693562400000000,0.00023745947313554537,12.319195787227077,0.6488496366169401,120,0.6560336235420099,0.5923759335000306,0.00548163151627179,0.00014626836780018415,1188.7208333333333,0.016666666666666666,2,0,2023-09-01,1381764
1693569600000000,0.0002066408897019734,5.582487722528961,0.3987620345604288,120,0.47274643863210664,0.5314335201288579,0.008446728522922498,0.0027980492176785665,712.6125,0.041666666666666664,3,0,2023-09-01,1381764
1693576800000000,0.00020081963715159898,6.870524194001924,0.40984495213960814,118,0.41935574336347126,0.39078679376635683,0.03249405006254469,0.08915075516481885,796.4279661016949,0.0423728813559322,3,0,2023-09-01,1381764
1693584000000000,0.00010981057671726515,2.0224238795220524,0.20988563820340222,118,0.46379644967940037,0.493886437017668,0.003386283767090159,0.02521161700042307,533.957627118644,0.07627118644067797,4,0,2023-09-01,1381764
1693591200000000,0.00025033583682598727,5.011343675019355,0.5336052248680145,120,0.5863029461434692,0.5565116123477142,0.007175735841384756,0.0030710852867555927,680.4958333333333,0.03333333333333333,4,0,2023-09-01,1381764
1693598400000000,0.00012860049312401394,3.673211000696436,0.33572591075002334,120,0.4632590777439938,0.542933442402737,0.012883716093249786,0.003203120351534028,1739.2458333333334,0.016666666666666666,5,0,2023-09-01,1381764
1693605600000000,0.00017550779095338773,3.5918163902505182,0.3879654025305417,118,0.48377281615114565,0.5268146254737677,4.177904502211671e-05,0.017110192054339057,897.1355932203389,0.01694915254237288,5,0,2023-09-01,1381764
1696118400000000,0.00036271410178959215,15.891584610142319,0.7277537449420424,118,0.7279516657988017,0.5412324890812941,0.017070673050648133,0.0016226507943992718,1477.0805084745762,0.00847457627118644,0,1,2023-10-01,2240443
1696125600000000,0.00026837714563416405,5.908483600661409,0.5385136871806446,120,0.6479414612750527,0.5863676408585328,0.012622076161545093,0.009089065724680712,1478.1666666666667,0.008333333333333333,0,1,2023-10-01,2240443
1696132800000000,0.00034916374410103913,6.580619819174857,0.710353139005234,120,0.7392595656102762,0.7402272657364117,0.0043597876296169735,0.012251773543500044,1361.7125,0.008333333333333333,1,1,2023-10-01,2240443
1696140000000000,0.0002882517463446315,12.328512176232916,0.4713906455128851,118,0.47687545317345537,0.578797276839588,0.002524735833085434,0.029320857543893686,1402.915254237288,0.0,1,1,2023-10-01,2240443
1696147200000000,0.00015132589203593758,5.479147048387191,0.3496075044231244,118,0.4203333536925462,0.6289267668922791,0.028520041302651622,0.005853351173718213,1214.4533898305085,0.00847457627118644,2,1,2023-10-01,2240443
1696154400000000,0.000278492773755868,5.078387878050351,0.5033370373772534,120,0.5672612902301182,0.49247632289064625,0.02207205756302799,0.004507445686079969,1187.9916666666666,0.0,2,1,2023-10-01,2240443
1696161600000000,0.00036441607420508614,8.12659867381574,0.6078768349790138,120,0.6250795111498352,0.6569455982621721,0.001972995308300196,0.006436539928024176,1249.975,0.008333333333333333,3,1,2023-10-01,2240443
1696168800000000,0.0003618726465108363,13.09421755133229,0.6215385009440693,118,0.6221082667694026,0.6475651078177871,2.4022241513765863e-05,1.0971891182931515e-05,1365.406779661017,0.0,3,1,2023-10-01,2240443
1696176000000000,0.00029535275297918836,8.348982920381738,0.6747311807698406,118,0.6995187048025664,0.37962392410692614,0.012704736544846496,0.03200065442526934,1287.8686440677966,0.0,4,1,2023-10-01,2240443
1696183200000000,0.00030844289519273637,22.498514511970498,0.7375205601458402,120,0.737606485030909,0.47344181478635006,0.020508135263342164,0.004002379965447056,1396.65,0.016666666666666666,4,1,2023-10-01,2240443
1696190400000000,0.00021946725093129743,3.025773759954525,0.48177999436308516,120,0.5871530042043411,0.638422267735961,0.005381881214611028,8.602462225237861e-05,1424.7375,0.0,5,1,2023-10-01,2240443
1696197600000000,0.0003754134983932763,4.623468773252567,0.45833034881069945,118,0.45920060163783805,0.6968958876693649,0.0010018989967793823,0.01095852559863153,1137.1610169491526,0.0847457627118644,5,1,2023-10-01,2240443
1698796800000000,0.0010630002081349049,12.963753845050574,0.7266865195163894,118,0.7462977505798045,0.4512684742962785,0.0107802327432307,0.006465467110195244,300.85593220338984,0.1271186440677966,0,0,2023-11-01,2129833
1698804000000000,0.0010081007386025832,9.344124388362058,0.4933305087482771,120,0.4934828159468382,0.5110480325082267,0.0002139495080228926,0.0036387651113828356,312.8,0.041666666666666664,0,0,2023-11-01,2129833
1698811200000000,0.0002292074715736877,2.970681999118813,0.14640968939738785,120,0.2031838327745371,0.2938120973007877,0.0030927959318149956,0.026632199745274532,395.325,0.1,1,0,2023-11-01,2129833
1698818400000000,0.0006739993344085176,5.654606222176414,0.5408883778301878,118,0.5947850119817162,0.4797832853216145,0.0053220293351639025,0.0007008256086163955,377.5593220338983,0.19491525423728814,1,0,2023-11-01,2129833
1698825600000000,0.0006529213535397665,7.819390455156109,0.4374144944406255,118,0.4374429576789173,0.45240927733597347,0.004860413695406796,0.05129068937899317,560.1101694915254,0.059322033898305086,2,0,2023-11-01,2129833
1698832800000000,0.0008820780165819955,7.555278706790269,0.5103766787936534,120,0.5144365038655279,0.36582377118323595,0.0003834039418466606,0.010787665409684233,410.8541666666667,0.041666666666666664,2,0,2023-11-01,2129833
1698840000000000,0.0004953841496138921,8.37215553926247,0.4461799177626661,120,0.4635706638510785,0.242826962749484,0.005109412745899156,0.001133278330950449,334.72083333333336,0.20833333333333334,3,0,2023-11-01,2129833
1698847200000000,0.0006921684001702784,6.140794068497662,0.5065942364687712,118,0.536190270855951,0.3251638764216036,0.0011524307610362161,0.0004023224258470348,700.7584745762712,0.0847457627118644,3,0,2023-11-01,2129833
1698854400000000,0.001100480904946224,13.597721686980105,0.7020186454280356,118,0.7127404376523669,0.4469824788843001,4.923742838347511e-05,0.010451412160863871,402.9364406779661,0.025423728813559324,4,0,2023-11-01,2129833
1698861600000000,0.0006006030136475327,3.4728703667185665,0.2572611980586458,120,0.39367817614681044,0.2712768456177701,0.005574238365571915,0.005909766672353656,258.1375,0.20833333333333334,4,0,2023-11-01,2129833
1698868800000000,0.0011718380864681357,9.353803523276792,0.6716595502955651,120,0.7276035746332197,0.491359010553599,0.004923535826058867,0.02229484428174111,302.8875,0.15833333333333333,5,0,2023-11-01,2129833
1698876000000000,0.0011407687019763099,9.773890947705382,0.565686471389693,118,0.5663131204887266,0.6063472885016937,3.0920941532230906e-05,0.0015784664089961709,353.43220338983053,0.0847457627118644,5,0,2023-11-01,2129833
1701388800000000,0.0013731254541985128,8.344051744061954,0.6080801182210199,118,0.6526647259296972,0.5081305498911957,0.0020080731488520964,0.026188780402162215,249.88135593220338,0.03389830508474576,0,0,2023-12-01,1169464
1701396000000000,0.0011857235272530401,9.234584816932633,0.6469721110214055,120,0.6915064930616848,0.5675710350549474,0.0007447558710098612,0.00535396376665398,327.5125,0.058333333333333334,0,0,2023-12-01,1169464
1701403200000000,0.0010239236458687183,6.340930180625789,0.5439808797674706,120,0.6167385908689967,0.24740672384347384,0.006337133174414089,0.01140434122657863,706.05,0.016666666666666666,1,0,2023-12-01,1169464
1701410400000000,0.0011612571691408744,6.194229012663533,0.40170274362115643,118,0.4540176283323927,0.42136390358350095,0.01291396206595452,0.007795759566131655,212.864406779661,0.06779661016949153,1,0,2023-12-01,1169464
1701417600000000,0.0013781327104690176,11.20228870449767,0.6813488272059169,118,0.7187268109134403,0.4648256666046131,0.00016138295911405365,0.002619596472323016,299.978813559322,0.05084745762711865,2,0,2023-12-01,1169464
1701424800000000,0.0012342935770846709,10.062006459619958,0.6189653736427608,120,0.6408196697429293,0.4606107839858652,0.00011051320847066393,0.003315862250171553,298.50416666666666,0.008333333333333333,2,0,2023-12-01,1169464
1701432000000000,0.0009701646025359222,12.173863229694174,0.5465949216065568,120,0.5742514525978487,0.3654898012699901,7.315417598452445e-05,0.0038695659178787922,322.8958333333333,0.008333333333333333,3,0,2023-12-01,1169464
1701439200000000,0.0012321152724163596,5.834951093270218,0.45193270559128507,118,0.5059401711957857,0.4652019114817152,0.030155114810470396,0.024335521059825505,183.86864406779662,0.0847457627118644,3,0,2023-12-01,1169464
1701446400000000,0.0015729947868066835,6.113835407442728,0.5563267584553766,118,0.6446385322201529,0.3825842703718566,0.0018632740977309048,0.016208197620318998,177.85169491525423,0.15254237288135594,4,0,2023-12-01,1169464
1701453600000000,0.001838932362346776,14.634313672885852,0.6983290915396603,120,0.7037357897188405,0.5579490324748868,0.0001766787703972872,0.0002250819559486139,233.9625,0.03333333333333333,4,0,2023-12-01,1169464
1701460800000000,0.0011021173531145549,12.594081198744943,0.7598701425063326,120,0.7779389667065745,0.5236313069111682,0.00026239890053847414,0.007493294553294394,298.3333333333333,0.008333333333333333,5,0,2023-12-01,1169464
1701468000000000,0.0011961262433580963,10.371683235574626,0.736961258396249,118,0.7612853045401812,0.5903957462891439,0.0465865041942336,0.046656884222530004,368.7542372881356,0.00847457627118644,5,0,2023-12-01,1169464
1704067200000000,0.004672877574939734,8.888672346570209,0.4885975926309729,118,0.5050591179451711,0.5098551829390716,0.0014605322996589232,0.013042134570510955,62.347457627118644,0.4406779661016949,0,0,2024-01-01,1344215
1704074400000000,0.0013529044014041376,1.4916033593486426,0.1353265051892687,120,0.464185604770356,0.27491262340379574,0.03493566916883728,0.009587199085229647,77.25416666666666,0.43333333333333335,0,0,2024-01-01,1344215
1704081600000000,0.0034319558903887675,6.174828539291063,0.3700835068926014,120,0.3748513669642395,0.36921653547708,0.009837552244056025,0.0032612813615582326,83.15,0.5416666666666666,1,0,2024-01-01,1344215
1704088800000000,0.0030911190596111947,4.412096101585922,0.4536746456912053,118,0.582396750277327,0.35808426386473835,0.0011732469790213251,0.0003481813536000411,73.92372881355932,0.3728813559322034,1,0,2024-01-01,1344215
1704096000000000,0.0034148023812704993,12.945774199171106,0.5200640250092476,118,0.5304462298190973,0.3714090101977553,0.004072078140244018,0.01332584234070866,74.54237288135593,0.3305084745762712,2,0,2024-01-01,1344215
1704103200000000,0.0019435028409830117,3.810235286640632,0.3178150001500212,120,0.4620203050204623,0.37046739582977484,0.0001342847427386884,0.0027508545547288987,93.77916666666667,0.38333333333333336,2,0,2024-01-01,1344215
1704110400000000,0.0024699256820207623,5.929631186014762,0.37368529415773644,120,0.43482816081916065,0.39870519883997435,0.0021897019701460074,0.027007644785358664,100.11666666666666,0.3,3,0,2024-01-01,1344215
1704117600000000,0.0026367666107750794,3.2849307494608952,0.29993152700824166,118,0.34054702061785336,0.26024534266180366,0.005610963103304778,0.009654778992896906,69.17372881355932,0.4661016949152542,3,0,2024-01-01,1344215
1704124800000000,0.0036418228940499463,5.226018478044027,0.49709720464353757,118,0.5123039493481447,0.36345145222610664,0.0016025261769355703,0.004042121454328473,58.08050847457627,0.3644067796610169,4,0,2024-01-01,1344215
1704132000000000,0.0017855982621269753,3.820691087777114,0.2793424025552419,120,0.4241421019922248,0.38601364807561844,0.0003991918811513395,0.023611330790725416,158.11666666666667,0.275,4,0,2024-01-01,1344215
1704139200000000,0.0006868401648227412,2.580782181797506,0.17420084638294564,120,0.33232617108782614,0.29113582139306204,0.0059790160376804735,0.01013554952441964,86.65833333333333,0.30833333333333335,5,0,2024-01-01,1344215
1704146400000000,0.001514787454209013,2.315758733249181,0.2862177258029531,118,0.5180179934053715,0.5753509084619728,0.013040462544183673,0.00595037777981644,108.46610169491525,0.3135593220338983,5,0,2024-01-01,1344215
1706745600000000,0.0010833157403816042,2.6693861153812435,0.23034667435043343,118,0.34164126788720994,0.28848820948700993,1.0433312712665455e-06,0.016589376480892537,109.64406779661017,0.3644067796610169,0,0,2024-02-01,1261993
1706752800000000,0.002258783395950279,10.772489519058501,0.5695829177896542,120,0.5875910705870822,0.27265106536840245,0.0035412715612916923,0.009111973576021115,114.5375,0.2,0,0,2024-02-01,1261993
1706760000000000,0.0009757691408075856,2.4054016150702084,0.30765213021849713,120,0.5675392176502891,0.29602615758202555,0.0006741516574365614,0.027775164126190854,157.19583333333333,0.2,1,0,2024-02-01,1261993
1706767200000000,0.0011275911873463592,3.8261859632217057,0.31936248379431365,118,0.4548572178920388,0.27899103129730873,0.013418146719284207,0.00047379968976413167,148.84322033898306,0.17796610169491525,1,0,2024-02-01,1261993
1706774400000000,0.0007417947087591233,3.818078605021084,0.3713365633372684,118,0.37828108478390776,0.6076913456140303,0.0034342084209069146,0.00928438003933818,207.32627118644066,0.22033898305084745,2,0,2024-02-01,1261993
1706781600000000,0.0004694663404649211,1.8259127114944382,0.094498885005734,120,0.32489175077138555,0.42960375274537277,0.0024836565564920754,0.0005679000135332402,189.28333333333333,0.14166666666666666,2,0,2024-02-01,1261993
1706788800000000,0.0011476229667313946,5.155621656217024,0.4668759260682406,120,0.5613203975694958,0.22499622604062552,0.004311221842247526,0.0012691248637516361,178.4875,0.13333333333333333,3,0,2024-02-01,1261993
1706796000000000,0.0010310854191356118,4.362749807723007,0.22159707490464353,118,0.33165070335331626,0.2668224638011577,0.00787940434882728,0.006565053033471435,231.135593220339,0.2033898305084746,3,0,2024-02-01,1261993
1706803200000000,0.0016206466231540907,4.617688569861296,0.38261944911930046,118,0.41995482363274084,0.4520011012165075,0.0038498228396101064,0.006476471953131391,153.77542372881356,0.15254237288135594,4,0,2024-02-01,1261993
1706810400000000,0.001334271635224133,6.1133912705911655,0.4846121537925513,120,0.6193560556515147,0.1452367508740956,0.0004939697881772842,0.024024358260619882,215.36666666666667,0.13333333333333333,4,0,2024-02-01,1261993
1706817600000000,0.0009316915256929457,1.735344723948718,0.20759734810409014,120,0.4940430835516172,0.18534604009311229,0.006074380143092362,0.0021240520762094706,156.02083333333334,0.125,5,0,2024-02-01,1261993
1706824800000000,0.0005105696827711635,1.6967846181252049,0.22800386566470643,118,0.6669608117966035,0.293074616143835,0.0008271154501757749,0.0016689420889918205,330.3686440677966,0.1271186440677966,5,0,2024-02-01,1261993
1709251200000000,0.005564189541958024,6.871772749516911,0.49586324695722195,118,0.515358804299825,0.4248943748306079,0.007067593845295428,0.0012860489677146703,98.89830508474576,0.2711864406779661,0,0,2024-03-01,6272756
1709258400000000,0.004475407485138366,6.87410881603212,0.35559917057231316,120,0.4481210418628325,0.48005179370771345,0.012999591692500756,0.01580145346084949,104.6625,0.35833333333333334,0,0,2024-03-01,6272756
1709265600000000,0.004475971014736333,3.9238435339698112,0.20390087521976508,120,0.2645472231104352,0.4252752750798139,0.00012010063535383697,0.014102669955751601,122.50833333333334,0.49166666666666664,1,0,2024-03-01,6272756
1709272800000000,0.0046265915985310435,4.699526786143748,0.22764566930767138,118,0.23150457484341658,0.5086152577540097,0.0032554422521908766,0.011347501080349875,96.07203389830508,0.4661016949152542,1,0,2024-03-01,6272756
1709280000000000,0.0061504288277035935,6.01660144153432,0.33935973644281237,118,0.406466091866295,0.3893496951401173,0.006705861948836933,0.010386753967736695,83.63559322033899,0.4152542372881356,2,0,2024-03-01,6272756
1709287200000000,0.006009020421927133,7.242116948138827,0.3527515821792394,120,0.3529636814893038,0.39110367333862395,0.041983934960623914,0.0015736977481366488,76.13333333333334,0.275,2,0,2024-03-01,6272756
1709294400000000,0.006162170165397104,7.47924754794973,0.46916268089083,120,0.4747709863382019,0.5256424651288661,0.012016825609029835,0.0037563495283939874,285.9458333333333,0.4666666666666667,3,0,2024-03-01,6272756
1709301600000000,0.006078050001623104,10.028232220567181,0.4041792631381693,118,0.417207494694816,0.5287900667270709,9.219203415666843e-05,0.01223527815324954,67.41525423728814,0.5677966101694916,3,0,2024-03-01,6272756
1709308800000000,0.007509247949623031,11.084936876718471,0.5029227165188119,118,0.5396565452262775,0.5631134128639657,0.005823086947144396,0.02928460524402343,83.71186440677967,0.4915254237288136,4,0,2024-03-01,6272756
1709316000000000,0.008218704654949073,9.23311163905515,0.5508175874268284,120,0.6164758856832794,0.3559506820604763,0.017906246977482554,0.007683919584066556,78.14583333333333,0.30833333333333335,4,0,2024-03-01,6272756
1709323200000000,0.0059252529578280744,7.647281247672746,0.44809407352050945,120,0.48122171536956404,0.281274338605642,0.002167382350221292,0.02530873644780407,112.25833333333334,0.3,5,0,2024-03-01,6272756
1709330400000000,0.007056113565643632,11.406059794466453,0.4786199280807848,118,0.480215689166989,0.6560144549386382,0.006648031499396967,0.07656846815673524,222.09745762711864,0.3220338983050847,5,0,2024-03-01,6272756
1711929600000000,0.00495592322354322,11.410939450934993,0.47432318071158297,118,0.4882716737924524,0.3092595409542518,0.0005050146615186435,0.00101127192744499,133.58474576271186,0.2966101694915254,0,0,2024-04-01,3453940
1711936800000000,0.003685230085415896,7.105585783597171,0.4267223642447052,120,0.42714095095444016,0.12540051198688085,0.0008799799943065567,0.0007514152602310364,108.1,0.25,0,0,2024-04-01,3453940
1711944000000000,0.013219218343927152,4.728386475153623,0.6164840936624472,120,0.6710567116284034,0.5629753924966394,3.6030867237579756e-05,0.007961041634107935,148.50833333333333,0.3333333333333333,1,0,2024-04-01,3453940
1711951200000000,0.00267017367632914,5.651501286759126,0.1905992055567306,118,0.1921804869661159,0.40438384683280026,0.001552213054519025,0.02939412426987842,95.97033898305085,0.3813559322033898,1,0,2024-04-01,3453940
1711958400000000,0.0026232321123608694,3.8479895459729496,0.16090710681117604,118,0.16430746143616481,0.3172694634753229,0.014138151283144218,0.0030912806389192804,80.52966101694915,0.3389830508474576,2,0,2024-04-01,3453940
1711965600000000,0.0031416618536139807,6.004149644288427,0.23697102757141308,120,0.23916296256122926,0.3839277172184966,0.02385015403032953,0.005759061549073574,83.18333333333334,0.35,2,0,2024-04-01,3453940
1711972800000000,0.0040664009631393265,7.616501162476852,0.27920825189031906,120,0.2864550499204792,0.40666605601539285,0.02638004497849833,0.005012858255808994,77.44583333333334,0.30833333333333335,3,0,2024-04-01,3453940
1711980000000000,0.0031619539159981748,5.4639512082529,0.19365095910488273,118,0.19448718158491873,0.2818619260491775,0.010213178660793965,0.010459357765500443,83.5,0.5423728813559322,3,0,2024-04-01,3453940
1711987200000000,0.002438944460346329,4.045584384742462,0.20176324130638756,118,0.20593589881784036,0.24620469198589146,0.0019851008225113542,0.003548797031942663,166.27542372881356,0.3983050847457627,4,0,2024-04-01,3453940
1711994400000000,0.004082809961148864,7.073119787526404,0.24830498071658502,120,0.24856049295158134,0.21658531887223265,0.007943835486292183,0.003961135979746677,117.77916666666667,0.25833333333333336,4,0,2024-04-01,3453940
1712001600000000,0.0037528620451040243,8.760930104112962,0.3667994122640421,120,0.3668014587226526,0.33583709560920916,0.015259041106444826,0.00010074236711787865,145.69166666666666,0.21666666666666667,5,0,2024-04-01,3453940
1712008800000000,0.003120426992937968,7.55042895125985,0.37566679123078794,118,0.3794364104854838,0.5977534986926887,0.001639581744536156,0.030933468197097858,138.90677966101694,0.2711864406779661,5,0,2024-04-01,3453940
1714521600000000,0.0038731457159105268,4.685982978731064,0.44931071713039084,118,0.4976138229698155,0.4136795506553207,0.03858097410575545,0.028594606649306464,100.86440677966101,0.288135593220339,0,0,2024-05-01,6285115
1714528800000000,0.0039971625270823815,9.182701764765648,0.44919804757135673,120,0.4494575343163292,0.3965959261056802,0.033581233166489644,0.013786329800907438,104.33333333333333,0.3,0,0,2024-05-01,6285115
1714536000000000,0.004687934560339985,11.536068484419298,0.5908224786522565,120,0.6089963570640877,0.41397431885276204,0.0005557026016445032,0.003263912233833599,107.04583333333333,0.30833333333333335,1,0,2024-05-01,6285115
1714543200000000,0.005149954558045245,5.888676074596896,0.41797692539289266,118,0.4478884349101063,0.6497844113833875,0.048540743416862875,0.029206924223491693,98.27542372881356,0.5084745762711864,1,0,2024-05-01,6285115
1714550400000000,0.0045833826957763675,8.232685740671338,0.3969205114272131,118,0.4177837080297272,0.4645780170140621,0.0069738215499443035,0.0034351682710687115,159.58898305084745,0.5338983050847458,2,0,2024-05-01,6285115
1714557600000000,0.004324239947250201,9.931002180338217,0.4743988869075505,120,0.48036750416594,0.3163051315875077,0.006372334973770655,0.006136008992842168,99.25833333333334,0.23333333333333334,2,0,2024-05-01,6285115
1714564800000000,0.003064562416294324,9.13777560187941,0.43267734324743523,120,0.4564220964785971,0.47200835556627463,0.00046510756200301984,0.0002765988239655792,75.8375,0.2916666666666667,3,0,2024-05-01,6285115
1714572000000000,0.0006708443901833837,1.1225259140320294,0.05950240535507467,118,0.3901081861454102,0.38104518441562707,0.0004970229500500523,0.0006893943677048764,176.80084745762713,0.2796610169491525,3,0,2024-05-01,6285115
1714579200000000,0.004799234397405176,8.822834070591878,0.49494338652124803,118,0.5067354220089153,0.5784904017504087,0.006748507571896822,0.015185492623408403,104.16949152542372,0.211864406779661,4,0,2024-05-01,6285115
1714586400000000,0.002749765457539171,4.880285814976728,0.17406717097775748,120,0.18993175218197655,0.20511530847322945,0.0010767041706534197,5.226344335085287e-08,65.12916666666666,0.4,4,0,2024-05-01,6285115
1714593600000000,0.004339387601045769,7.770989118880491,0.42828668895277355,120,0.43627830113624066,0.5106681374559112,7.625882508699444e-05,0.00028571532821908274,177.55416666666667,0.23333333333333334,5,0,2024-05-01,6285115
1714600800000000,0.0028799612774251864,4.284358342423388,0.4072079849438279,118,0.5034456764900246,0.45264496193532766,0.0072653587671484,0.0042158545187021,97.41525423728814,0.3644067796610169,5,0,2024-05-01,6285115
1717200000000000,0.002456454831753126,8.14611643572822,0.437311374021202,118,0.466881328692189,0.5064172208856426,0.001149097976649971,2.425012460949283e-06,183.11864406779662,0.06779661016949153,0,1,2024-06-01,2602607
1717207200000000,0.001658364018262577,5.571137979936956,0.2756758517541261,120,0.30028997920460054,0.36562887498225083,0.000107347001401914,0.01113415488472802,270.8958333333333,0.10833333333333334,0,1,2024-06-01,2602607
1717214400000000,0.0013320082863868142,7.192298531006519,0.47621405999874866,120,0.5153632445731489,0.3018198358534714,0.008555325452881735,0.00874352657623989,266.2708333333333,0.03333333333333333,1,1,2024-06-01,2602607
1717221600000000,0.002032712921523534,10.906208210972114,0.4662754597317984,118,0.4666134492547832,0.4582316204453951,7.008490052018423e-05,0.005850577303392224,270.3050847457627,0.05084745762711865,1,1,2024-06-01,2602607
1717228800000000,0.00044116481282816845,1.2288444358465516,0.09205945524916403,118,0.4660619744179879,0.41949118340172364,0.0014578252695377492,0.004509523022542261,454.70762711864404,0.03389830508474576,2,1,2024-06-01,2602607
1717236000000000,0.0015264090775410277,6.084596581828202,0.3697984255767891,120,0.3876118705185897,0.4340303496218475,0.006409421407926885,2.0042902195038792e-05,923.1375,0.05,2,1,2024-06-01,2602607
1717243200000000,0.001788255046325995,8.671823217646946,0.49714854236986983,120,0.5134190011271704,0.48257447510545637,0.00868963343314677,0.002201023437577776,412.075,0.05,3,1,2024-06-01,2602607
1717250400000000,0.001542107003654409,6.987061740942257,0.5360003710852852,118,0.5811358635417366,0.5956857791290059,0.007756163610886713,0.0012980794717126765,545.4449152542373,0.05084745762711865,3,1,2024-06-01,2602607
1717257600000000,0.002690851380214111,10.212957621053231,0.5248729778220267,118,0.5267627776608133,0.4242129287070173,0.009625882713302114,0.005374500604533483,203.42372881355934,0.0847457627118644,4,1,2024-06-01,2602607
1717264800000000,0.001607499214794545,9.163894803180808,0.6101149858267835,120,0.6106759819062073,0.3424142820330458,0.0002781069016012383,0.035021482014591654,333.6666666666667,0.016666666666666666,4,1,2024-06-01,2602607
1717272000000000,0.0012780456657829249,7.370206632694111,0.5610702381716233,120,0.6207865593401942,0.28753151546437095,0.00025975928341603893,0.008615420332908408,381.775,0.025,5,1,2024-06-01,2602607
1717279200000000,0.0013294555509305275,9.129715032507942,0.43423062382262856,118,0.43428969385423477,0.2894388568185564,0.0031157132827785983,0.023363254075833617,290.26271186440675,0.0,5,1,2024-06-01,2602607
1719792000000000,0.0006781053292626137,8.299007262644917,0.3840621466905003,118,0.4277973140954163,0.4540693202705094,0.013476983143249743,0.00020967885292910715,435.65677966101697,0.3220338983050847,0,0,2024-07-01,3841968
1719799200000000,0.0005235051536063414,4.588490459805992,0.30690504387265205,120,0.3714359919149569,0.3905092988640473,0.00014528652853951218,0.00048006042611958843,325.1958333333333,0.35833333333333334,0,0,2024-07-01,3841968
1719806400000000,0.00019831956005232488,1.3037359694113078,0.040095576210852246,120,0.10114949892348313,0.6020667207468218,0.06695810590614182,0.0027685722052489536,390.94166666666666,0.30833333333333335,1,0,2024-07-01,3841968
1719813600000000,0.0005874320082743835,7.534730852250208,0.40139419826444545,118,0.40357121768628834,0.6175313910609881,0.021171548517426864,0.0422426722476591,410.9237288135593,0.19491525423728814,1,0,2024-07-01,3841968
1719820800000000,0.00032002661522927914,5.037387258895225,0.2864711155352805,118,0.3181639791109523,0.5967655525397496,0.00010641063117777794,0.01811835829792363,541.4745762711865,0.3728813559322034,2,0,2024-07-01,3841968
1719828000000000,0.00016867198655664542,2.4609007512593837,0.15881324820985954,120,0.36160833243531576,0.5103086626471269,0.020508052225414408,0.0013194409400973939,555.2458333333333,0.23333333333333334,2,0,2024-07-01,3841968
1719835200000000,0.00026064982311167686,3.659717310395912,0.25333534493300236,120,0.3024441256734146,0.6056156811493061,0.001490517425584592,0.013957868404666618,578.3625,0.2833333333333333,3,0,2024-07-01,3841968
1719842400000000,0.0005322797588280636,7.965718930553662,0.42392462078760695,118,0.4526763275909872,0.42151676708357655,0.02043828554103333,0.00474016264546262,394.26271186440675,0.3389830508474576,3,0,2024-07-01,3841968
1719849600000000,0.000677696196043111,4.215783974303115,0.5022554119079605,118,0.5867645732014659,0.7407017972018701,0.0345197699398615,0.0029509117843121713,385.47457627118644,0.3644067796610169,4,0,2024-07-01,3841968
1719856800000000,0.00036297060013244044,3.9887826979011667,0.33315830012462344,120,0.45216731784596154,0.5747078685707445,0.017298915224881917,0.03448426419385242,512.7791666666667,0.11666666666666667,4,0,2024-07-01,3841968
1719864000000000,0.00042201385198622305,6.821831221074393,0.4457483611466063,120,0.5190160204946022,0.7184285346393512,0.0008891252322483778,0.00013096673301982165,967.9041666666667,0.06666666666666667,5,0,2024-07-01,3841968
1719871200000000,0.00028426545058396377,6.068822962082936,0.3090898049132558,118,0.3411123962508087,0.4925764891792642,0.0016817300439039284,0.05515736891594525,675.4152542372881,0.06779661016949153,5,0,2024-07-01,3841968
1722470400000000,0.0003722949100249958,8.283637010627293,0.7070592550167866,118,0.7429279784402254,0.34879191623420114,0.0032649733889769106,0.0009488640946524463,777.3813559322034,0.01694915254237288,0,0,2024-08-01,7326866
1722477600000000,0.0003914021089959903,14.809062024320731,0.6449154845790559,120,0.6450525683690209,0.3824646163044799,0.0259631421848332,0.002160361741179062,709.5916666666667,0.008333333333333333,0,0,2024-08-01,7326866
1722484800000000,0.00037213259707733056,11.316545827238887,0.6016066497838499,120,0.6035764250996393,0.5117759700552102,0.006550484106583321,0.0019672214918359243,806.0791666666667,0.016666666666666666,1,0,2024-08-01,7326866
1722492000000000,0.0003712948490486748,19.287244670573983,0.7225182501467141,118,0.7246504929766477,0.4993571788571488,0.005476340930585466,0.011976380085010896,1058.7330508474577,0.00847457627118644,1,0,2024-08-01,7326866
1722499200000000,0.00035128091993757743,12.163160919401513,0.6381654504983005,118,0.6385669699090101,0.43151148779136617,0.0017868065154390544,0.0016586826622937423,858.2796610169491,0.0,2,0,2024-08-01,7326866
1722506400000000,0.0003459924705449983,12.233508418793512,0.7184961688178204,120,0.7336798671097002,0.47322152020074015,0.01066207546309661,0.024336683817569482,863.1291666666667,0.0,2,0,2024-08-01,7326866
1722513600000000,0.00036341670019262635,9.054311387010035,0.6025510844626474,120,0.6078134345290049,0.4889894181216209,0.03194548665826624,0.041248045067113215,794.5916666666667,0.008333333333333333,3,0,2024-08-01,7326866
1722520800000000,0.00034309545651546483,4.913986726377013,0.4353770809606673,118,0.45738022882856355,0.5319946391422177,5.703092983644353e-06,0.008932914287093308,731.1822033898305,0.03389830508474576,3,0,2024-08-01,7326866
1722528000000000,0.0003987719901691405,12.275123825677612,0.5004727934533744,118,0.5017816565783619,0.37003983115902717,0.050937624722882546,0.007166820959024767,622.8644067796611,0.059322033898305086,4,0,2024-08-01,7326866
1722535200000000,0.00039965359274946716,5.869274608862697,0.38280507319928114,120,0.38484203712817333,0.5250857627154011,0.0017778643094122915,0.0006103316566801187,569.9541666666667,0.016666666666666666,4,0,2024-08-01,7326866
1722542400000000,0.00034757851873919025,5.744734671205998,0.4213666481320273,120,0.4361588434598843,0.5196553097962704,0.020561856848280602,0.01075423862715541,747.9625,0.025,5,0,2024-08-01,7326866
1722549600000000,0.00042489972135105014,9.689017941611384,0.6273142471222738,118,0.6384003207690825,0.42716498801587566,0.0051016699256454245,0.010504340455692929,702.0042372881356,0.01694915254237288,5,0,2024-08-01,7326866
1725148800000000,0.0003300065032984116,14.77560418378231,0.7878156940323876,118,0.7929901485834859,0.3186768871809289,0.0004228103610161016,0.00407676246058819,982.6991525423729,0.0,0,1,2024-09-01,3920101
1725156000000000,0.0002686119640932792,20.39828059600458,0.7744037342096782,120,0.7749864913482375,0.5631537951067572,0.021613947445660142,0.0016533836505986388,1449.6708333333333,0.016666666666666666,0,1,2024-09-01,3920101
1725163200000000,0.00033739266053877553,13.365518045959188,0.7415957622490963,120,0.7444077946347492,0.5013325177854807,0.0005701680159776457,7.896988228628388e-05,1060.3833333333334,0.008333333333333333,1,1,2024-09-01,3920101
1725170400000000,0.00033138623239800603,20.110508645695866,0.8032043878087898,118,0.8120079300860576,0.2826633351008154,0.010055597470341682,0.034628267638575294,971.7796610169491,0.01694915254237288,1,1,2024-09-01,3920101
1725177600000000,0.0003128042755677927,23.37282593127571,0.8206191991506697,118,0.8206336445670506,0.4167227196301202,0.009021847146044593,0.001320052318327325,1378.207627118644,0.00847457627118644,2,1,2024-09-01,3920101
1725184800000000,0.00024564843130667896,11.345336156715689,0.7187498417557184,120,0.7421754906978202,0.4243989959854385,7.831842507854958e-09,0.0014110748403584061,1206.725,0.016666666666666666,2,1,2024-09-01,3920101
1725192000000000,0.00027130298554435485,18.52284629534621,0.753807969555898,120,0.7591030229442859,0.5231605005527133,0.006404900696355242,0.0004159673579372525,1103.3791666666666,0.041666666666666664,3,1,2024-09-01,3920101
1725199200000000,0.0002748886211790842,16.238001466721364,0.8369742198186243,118,0.8375827576921798,0.3982834924646058,0.00030006604679311266,0.007830918035708123,1457.5466101694915,0.03389830508474576,3,1,2024-09-01,3920101
1725206400000000,0.00019300990808674665,13.813092486757458,0.7908570970880244,118,0.8032624569865998,0.29048590206031655,0.00344018222313347,0.0034259595426261447,1847.8728813559321,0.025423728813559324,4,1,2024-09-01,3920101
1725213600000000,0.00023957140678387031,26.1742331528472,0.8587814247471567,120,0.8587912841029952,0.2129866438943704,0.010694472212898876,0.06438973717823648,1708.6625,0.025,4,1,2024-09-01,3920101
1725220800000000,0.00015120613108073354,5.185367450142261,0.662040883037302,120,0.7392935017308151,0.3916200501418057,0.05359887991988743,0.030964397265926813,1983.7833333333333,0.016666666666666666,5,1,2024-09-01,3920101
1725228000000000,0.00031892306180425695,17.92813638828549,0.83003829904096,118,0.8304373765412925,0.3646966146140982,0.004508353478339555,0.036553905458592384,1346.677966101695,0.0423728813559322,5,1,2024-09-01,3920101
1727740800000000,0.0004968057019586615,9.78809257464137,0.5953884005059622,118,0.5953884227137598,0.43957240320945623,0.002713831160213287,0.011744516027187735,537.1144067796611,0.15254237288135594,0,0,2024-10-01,4876936
1727748000000000,0.00032112939827203966,8.57856716277244,0.5188924749080858,120,0.5304190009391176,0.4598733205560699,0.0015798885776883154,0.0014967150669844553,630.7041666666667,0.10833333333333334,0,0,2024-10-01,4876936
1727755200000000,0.0003788570312549207,9.048911985900581,0.6139214697034503,120,0.649159495599514,0.4022670948457858,0.007284080271860893,0.011216987304313975,597.725,0.11666666666666667,1,0,2024-10-01,4876936
1727762400000000,0.0004709473414843437,12.227870970618103,0.6647613951886778,118,0.6669805735689951,0.3621593578865988,0.022321455775060173,0.000891653894059985,553.6737288135594,0.1694915254237288,1,0,2024-10-01,4876936
1727769600000000,0.00017006202453858602,1.5265094421207042,0.25869046188773814,118,0.7745956790488049,0.522353241833885,0.00020764776750437086,0.004084017074060142,497.114406779661,0.11016949152542373,2,0,2024-10-01,4876936
1727776800000000,0.0003777045637625006,4.433155112935974,0.6070668672408325,120,0.7279825421959899,0.47052934392275136,0.014758499702900885,0.001716455149270657,590.8791666666667,0.10833333333333334,2,0,2024-10-01,4876936
1727784000000000,0.0002994882035634533,4.552233904064945,0.571647986947982,120,0.6470714178317566,0.4972663318621263,0.001381078237601363,0.0032312898351167796,587.6291666666667,0.08333333333333333,3,0,2024-10-01,4876936
1727791200000000,0.000441088426384507,14.789746109752791,0.6696184745699522,118,0.6754670608525821,0.4851066351992174,0.0015524415720671314,0.0007471198289764613,609.7542372881356,0.3135593220338983,3,0,2024-10-01,4876936
1727798400000000,0.00045476799928900616,6.396790807579098,0.6018731876369133,118,0.6059881688682025,0.6160478740096862,0.005547514820096411,0.03270039699249616,631.5720338983051,0.3474576271186441,4,0,2024-10-01,4876936
1727805600000000,0.0003120009942263201,3.3462603508444797,0.4622373971163357,120,0.7109880439802236,0.48971796558836866,0.004885425215824468,0.00022989870997491835,642.5041666666667,0.24166666666666667,4,0,2024-10-01,4876936
1727812800000000,0.00029090346940422666,2.3171092356298058,0.421860567688791,120,0.7298540044149269,0.5554793665430826,0.00020269106752268673,0.007931848063231106,913.4041666666667,0.26666666666666666,5,0,2024-10-01,4876936
1727820000000000,0.00028179859494079714,2.290258520396318,0.46293899522010573,118,0.8374955139181822,0.5156629771294261,0.029586794193337762,0.018661080360831472,686.7627118644068,0.211864406779661,5,0,2024-10-01,4876936
1730419200000000,0.0003927835424890466,15.715900944817676,0.7810434581839216,118,0.7878201226683463,0.3416693993252913,6.55358847044818e-05,0.00035601098762139127,793.2669491525423,0.00847457627118644,0,0,2024-11-01,4499736
1730426400000000,0.00042530881073490483,15.151297720501654,0.7395188680449469,120,0.7465722297628472,0.4992234079395944,0.010770426182260762,0.02103144356649389,685.7416666666667,0.016666666666666666,0,0,2024-11-01,4499736
1730433600000000,0.000413859170126136,22.23126762647272,0.8425793161494094,120,0.8459690092363924,0.42378703093545567,2.2922088551702302e-05,0.005460026258911954,809.5083333333333,0.0,1,0,2024-11-01,4499736
1730440800000000,0.0003302641298730283,12.662879209070905,0.7117607229784513,118,0.7409672801685981,0.34244132061705457,0.0032923398593857067,0.00042929048548812077,823.1016949152543,0.03389830508474576,1,0,2024-11-01,4499736
1730448000000000,0.00024110512848558613,6.601029029193128,0.7373017400656621,118,0.8074194472703264,0.22616045864401135,0.0002910944227338952,0.003235163703998567,1105.427966101695,0.0,2,0,2024-11-01,4499736
1730455200000000,9.804305456346466e-05,2.4260672167466923,0.36002034144867445,120,0.7235118245606469,0.47548813893745423,0.019737647101912392,0.015635796680280256,976.7541666666667,0.016666666666666666,2,0,2024-11-01,4499736
1730462400000000,0.0003363788826541217,6.125549880185469,0.6108302603154627,120,0.6533426326615431,0.43733430602965795,0.003655572399667073,0.00697785097135184,833.5875,0.025,3,0,2024-11-01,4499736
1730469600000000,0.0004084738542214078,14.394323512718225,0.7080471742383303,118,0.7101700883412309,0.490302081524963,0.008864144326232504,0.02706364515829196,715.3771186440678,0.09322033898305085,3,0,2024-11-01,4499736
1730476800000000,0.00039990512172226116,14.394937569470615,0.8436971297265342,118,0.8517207992871869,0.4682050888498892,0.10661324337629552,0.06884882155001237,1169.3474576271187,0.06779661016949153,4,0,2024-11-01,4499736
1730484000000000,0.00035838004710259206,15.695869480925005,0.7283182331204623,120,0.734754817214296,0.4963191896743141,0.0024923195305076584,0.004166085498657601,669.1208333333333,0.0,4,0,2024-11-01,4499736
1730491200000000,0.0003508910123900294,9.950934061768965,0.735486543381705,120,0.7681446625148237,0.6026143703255902,0.004172142994763428,0.015402743946956177,843.0916666666667,0.05,5,0,2024-11-01,4499736
1730498400000000,0.0003932225291708811,9.240413944660737,0.5840375294154869,118,0.5843017436369091,0.6012138401692312,0.004860247694220443,0.01791749177385027,954.9491525423729,0.03389830508474576,5,0,2024-11-01,4499736
1733011200000000,0.0007888204234633334,6.187579352832911,0.556053122712016,118,0.6341012393890075,0.4466745465980263,0.00011980449316184583,0.0008010126749554702,660.1440677966102,0.2542372881355932,0,1,2024-12-01,6808434
1733018400000000,0.0006999244154581802,14.345252333542737,0.5408864287142439,120,0.5488303900138951,0.37141098679465556,0.0004785978109487221,0.018703306332830794,797.5666666666667,0.13333333333333333,0,1,2024-12-01,6808434
1733025600000000,0.0005894639588174876,10.071123705813616,0.5417511743011845,120,0.5647807958772315,0.6970777961127752,0.0012564751798224139,0.002810705071786712,810.4791666666666,0.058333333333333334,1,1,2024-12-01,6808434
1733032800000000,0.0006113489379100353,8.013955117508736,0.5414318948696206,118,0.573178250816492,0.4402740549450217,0.002183110050035797,0.004300651895289831,761.207627118644,0.05084745762711865,1,1,2024-12-01,6808434
1733040000000000,0.0005205667004050148,5.644001946513613,0.3944852082574265,118,0.39466621986663253,0.4125455273134624,0.0791155202330025,0.045155883957288756,1402.677966101695,0.06779661016949153,2,1,2024-12-01,6808434
1733047200000000,0.000697965078091487,15.376172272723942,0.6018966666999384,120,0.6025307228178207,0.4186666107650915,0.004640617741540121,0.030356067632111294,694.9625,0.06666666666666667,2,1,2024-12-01,6808434
1733054400000000,0.0010094606731392074,26.26481606557114,0.7703878992811646,120,0.7705936373544595,0.4719953388107063,0.003124550170583329,0.0200455314953345,639.3541666666666,0.058333333333333334,3,1,2024-12-01,6808434
1733061600000000,0.0008796766658529642,11.516521034298096,0.6021238694221233,118,0.6107795977817732,0.37818990110781714,0.05133521386799034,0.00046714664396829697,523.4745762711865,0.1016949152542373,3,1,2024-12-01,6808434
1733068800000000,0.0008255115705363158,8.690293829165286,0.5360894924203494,118,0.5587593792716684,0.3974078273028804,0.004195314268300221,0.011859598277441541,402.5593220338983,0.05084745762711865,4,1,2024-12-01,6808434
1733076000000000,0.0007704992277928148,5.216298089926637,0.6020276535219844,120,0.6826072864347873,0.5219942556118844,0.0019413308459073075,0.025879484551354914,576.7083333333334,0.041666666666666664,4,1,2024-12-01,6808434
1733083200000000,0.0006583937892398606,15.129634096702732,0.6861464218890484,120,0.6890778374060897,0.307993825879738,0.01318199108871887,0.026960629204359154,662.5625,0.025,5,1,2024-12-01,6808434
1733090400000000,0.00013830160113192458,1.6123791650732522,0.13757452543975757,118,0.4891580858455663,0.506996902227534,0.003505343474707212,0.0019857475288288517,784.2754237288135,0.05084745762711865,5,1,2024-12-01,6808434
1735689600000000,0.00037423056268075895,13.021049963188226,0.7062917675453773,118,0.7139599826386214,0.396993009700807,0.005153359474964425,0.016407405663469654,832.4237288135594,0.0,0,0,2025-01-01,4002377
1735696800000000,0.0003310346714470892,10.61712381039905,0.7337938681398186,120,0.7600671356462089,0.34426176754846793,0.0003241441879023865,0.0016440951542433524,846.7666666666667,0.0,0,0,2025-01-01,4002377
1735704000000000,0.0003101693831529909,5.204999728522729,0.6121227249525995,120,0.70337111539618,0.24130684648079825,0.02925524616770414,0.01809583908006762,1165.0791666666667,0.008333333333333333,1,0,2025-01-01,4002377
1735711200000000,0.00028838420119682963,7.1097646765594185,0.7353413223575158,118,0.8159055423553971,0.3450330664933662,0.0006572964469153675,0.0020273270067732163,910.0084745762712,0.0,1,0,2025-01-01,4002377
1735718400000000,0.00027821871801800096,8.430211666206356,0.6408595378800954,118,0.6847225737420573,0.30076761571242383,0.004430633799754724,0.0021876846978331477,1209.2881355932204,0.025423728813559324,2,0,2025-01-01,4002377
1735725600000000,0.0003555770184697613,14.557502803344342,0.7554538483967146,120,0.7589724221007921,0.39169108984309764,0.003662312605847373,0.002193081125167917,1352.1041666666667,0.008333333333333333,2,0,2025-01-01,4002377
1735732800000000,0.00022891499223564232,4.0141643555987745,0.5195617297125261,120,0.66115798563901,0.2579613108475214,0.003135370876692023,0.0007419311077311308,987.3916666666667,0.016666666666666666,3,0,2025-01-01,4002377
1735740000000000,0.00036497051056411637,17.334159078096807,0.7104403127592267,118,0.7168301915401374,0.3112001810996039,0.00011306823336054705,0.005141019030095673,1108.5381355932204,0.01694915254237288,3,0,2025-01-01,4002377
1735747200000000,0.00035661042312665615,16.192422870740852,0.7445074305528024,118,0.7545511580143391,0.35196114253615784,0.02650748006148196,0.010523873849247689,874.8686440677966,0.00847457627118644,4,0,2025-01-01,4002377
1735754400000000,0.0003412537848983107,4.322307870444523,0.5415453644142848,120,0.6361515041081571,0.16933728071527399,0.015624191717657387,0.0037468485858489498,705.5,0.016666666666666666,4,0,2025-01-01,4002377
1735761600000000,0.0004817702225037759,17.243521860263254,0.7324012435477036,120,0.7336489812958596,0.2439805360200611,0.005260100999453621,0.005673120329137138,715.2916666666666,0.008333333333333333,5,0,2025-01-01,4002377
1735768800000000,0.00017686098169800277,3.2662047352941284,0.31060546507955544,118,0.42372547399608607,0.48630138554385416,0.056500693694262916,0.00018797422443450618,2150.4661016949153,0.00847457627118644,5,0,2025-01-01,4002377
1738368000000000,0.00041515587296341483,8.601209442526635,0.6337389210458404,118,0.6500021867491543,0.34296736683584306,0.023381940036949822,0.017506004537196973,654.2372881355932,0.01694915254237288,0,1,2025-02-01,3678390
1738375200000000,0.00030659472620902666,3.924061581620999,0.3548383783245218,120,0.5293136374474023,0.20276895513366766,0.03247651572175958,0.016377515585671354,760.2958333333333,0.0,0,1,2025-02-01,3678390
1738382400000000,9.606339898858194e-05,1.8459556624072835,0.20107699390524136,120,0.5859365124277327,0.3089120614851507,0.015501415307781485,0.025429454506166516,679.8125,0.0,1,1,2025-02-01,3678390
1738389600000000,0.0003827119263095576,9.112439393504388,0.7582041973307316,118,0.8135328986548168,0.3016432359972986,0.000995810411307252,0.00430743168931913,692.4279661016949,0.00847457627118644,1,1,2025-02-01,3678390
1738396800000000,0.00027097744373073504,11.27137891917165,0.6176069228900474,118,0.6628803602414578,0.3165206336614259,0.00025295773155997736,0.003537396390278502,730.771186440678,0.01694915254237288,2,1,2025-02-01,3678390
1738404000000000,0.00034184020488849966,15.718097594278355,0.7798307724840842,120,0.7798770461344741,0.3979453789409798,0.003060132940755911,0.002492106340973743,1190.0458333333333,0.008333333333333333,2,1,2025-02-01,3678390
1738411200000000,0.0003209158891320039,15.475263727194115,0.6715761318518583,120,0.6739276380665455,0.44542394198007096,0.023752680038416907,0.010201866382436697,1012.1916666666667,0.0,3,1,2025-02-01,3678390
1738418400000000,0.00026365681733631205,9.916084427665895,0.7026413898106307,118,0.7827705359777767,0.2778475238136662,0.00030090185078046616,6.71398971575643e-05,964.3008474576271,0.01694915254237288,3,1,2025-02-01,3678390
1738425600000000,0.0003274566937359728,16.700229406136113,0.8292163488715967,118,0.8325436360376068,0.40387690562405376,0.004903779107328643,0.0031969001102608585,1059.2584745762713,0.0,4,1,2025-02-01,3678390
1738432800000000,0.00024999293091632275,21.6540944362874,0.7802864036454956,120,0.7809999317645462,0.33199985633660645,0.00012769754025643287,0.0010831950619738517,1110.75,0.008333333333333333,4,1,2025-02-01,3678390
1738440000000000,0.000270827349370301,10.212320634961895,0.7598629605344994,120,0.7772951922402518,0.37105800538024114,0.0001972228147241184,0.0012986870387242666,1341.9041666666667,0.008333333333333333,5,1,2025-02-01,3678390
1738447200000000,0.00020689010594380228,3.159567472333995,0.4202622316576823,118,0.5803276794373968,0.25880601083590005,0.00454018521354127,0.0010659942838034953,718.5974576271186,0.09322033898305085,5,1,2025-02-01,3678390
1740787200000000,0.00012517566621146134,11.707055176212624,0.6531398434120537,118,0.663852467571894,0.22113939346490397,0.002759211255050964,0.052557290420663594,2255.148305084746,0.0,0,1,2025-03-01,3914782
1740794400000000,0.00014610131192779096,13.724200775691967,0.7711080492868683,120,0.790601879930152,0.2273635916846234,0.011922066027853173,0.02704019892907883,2389.4375,0.0,0,1,2025-03-01,3914782
1740801600000000,0.00011578199338565127,7.195490217776982,0.6185192522765153,120,0.6863066274374438,0.3333410699291097,0.004560758418238775,4.799522351439656e-06,2356.4416666666666,0.0,1,1,2025-03-01,3914782
1740808800000000,3.078358888113734e-05,2.578654386001104,0.25839855578595516,118,0.3155810894907607,0.5374320582227279,0.00014221788933022061,0.00681727976867097,3320.148305084746,0.0,1,1,2025-03-01,3914782
1740816000000000,0.00014322349443953456,6.585549934930259,0.6531926008936533,118,0.7216695259216677,0.30577390809078364,0.0005187681238055797,0.003207198609808448,2324.14406779661,0.0,2,1,2025-03-01,3914782
1740823200000000,0.00013292713478423883,4.374074058233742,0.5690932999440604,120,0.7345199608037953,0.3386231246513133,0.0014122844626384135,0.005530089153832574,1851.0125,0.008333333333333333,2,1,2025-03-01,3914782
1740830400000000,0.00019224235304262483,10.679408490796376,0.6411092122067431,120,0.6471883354666237,0.541757119619116,0.003509152919803804,0.000960349866333976,1695.8875,0.0,3,1,2025-03-01,3914782
1740837600000000,0.00020037844030435393,18.625510067265232,0.8288777820337323,118,0.8438011946924218,0.37395246063294907,0.0011760565998660821,0.0058683384356448265,1726.8389830508474,0.0,3,1,2025-03-01,3914782
1740844800000000,0.0001717895990789621,11.460123152896486,0.8162809131059956,118,0.8628439347158587,0.32109961880201743,0.011493470633652803,0.012466548633590757,1801.2033898305085,0.0,4,1,2025-03-01,3914782
1740852000000000,0.0001848164923986185,21.076203777097508,0.8029399628044855,120,0.8066450939195363,0.33908499218940114,0.0002391637693524018,0.0019480753949453478,1730.6291666666666,0.0,4,1,2025-03-01,3914782
1740859200000000,0.00017924066172414022,19.70004176109053,0.860374457695631,120,0.8640833290028741,0.39456646989848476,0.0005785852414831316,0.0009921978930227393,2091.4333333333334,0.0,5,1,2025-03-01,3914782
1740866400000000,0.00016770115527735282,16.26007696788995,0.738448114165447,118,0.7452088857245094,0.3499589605935777,0.008845306997357083,0.0010295879062058866,1825.927966101695,0.0,5,1,2025-03-01,3914782
1743465600000000,8.879038655457873e-05,31.2340580952142,0.852077307099353,118,0.8559385242270506,0.2879668802270654,0.04611355461711042,0.06788631251334443,2680.6271186440677,0.0,0,0,2025-04-01,3571495
1743472800000000,5.4073592034843224e-05,11.417608549379597,0.566336539272368,120,0.5700368998048646,0.3557476213925117,0.008085616276286456,0.004092304189216023,3677.0875,0.0,0,0,2025-04-01,3571495
1743480000000000,5.872038350285787e-05,18.00221907604877,0.810584489851448,120,0.8279606135741342,0.31196248160003637,0.017193902771231895,0.024650625974919738,4133.770833333333,0.0,1,0,2025-04-01,3571495
1743487200000000,6.496167774305852e-05,20.435446278756544,0.7513686454978572,118,0.7538034423863476,0.40766780909129674,0.0257215360945916,0.012029905414518982,4449.283898305085,0.0,1,0,2025-04-01,3571495
1743494400000000,7.270977528563532e-05,14.495543282581881,0.703894196917962,118,0.7072570813108482,0.40383993652037065,0.002566857859981453,0.002065967455433193,4040.5423728813557,0.0,2,0,2025-04-01,3571495
1743501600000000,5.675367021573407e-05,8.923554714398689,0.7754860572559779,120,0.8132452391020054,0.04809592224342163,0.016864718787291233,0.0028416104938778775,5068.733333333334,0.0,2,0,2025-04-01,3571495
1743508800000000,6.230431303612203e-05,18.420302027621574,0.8479085261389527,120,0.8483383297353148,0.3475176741055558,0.0013390792633488635,0.0008621359086921077,5083.320833333333,0.008333333333333333,3,0,2025-04-01,3571495
1743516000000000,8.513708766082368e-05,19.279274243681076,0.7722627851673263,118,0.7870141104810944,0.43508678790614363,0.0064693985708725865,0.0005542563778130338,4052.665254237288,0.00847457627118644,3,0,2025-04-01,3571495
1743523200000000,7.468850524710366e-05,8.674491829428378,0.6976192015481475,118,0.7407483959327059,0.38947337027325535,0.00020724766355917357,0.0006949796811902553,3431.2076271186443,0.0,4,0,2025-04-01,3571495
1743530400000000,6.895261267477276e-05,12.793058788607835,0.7338016329506386,120,0.7514965080168716,0.35518205203926234,0.003167067976149296,0.010840105119295118,3940.2125,0.008333333333333333,4,0,2025-04-01,3571495
1743537600000000,8.257975921918312e-05,21.692936667939968,0.7835258823901149,120,0.7948974860942569,0.4883363863346625,0.002610296954001168,0.0016712517801366067,3862.5208333333335,0.0,5,0,2025-04-01,3571495
1743544800000000,8.72735693887796e-05,14.338804818293008,0.7557688612456261,118,0.7606500763690274,0.36545253088947327,0.02507681394424177,0.0006920104643002301,2984.5169491525426,0.0,5,0,2025-04-01,3571495
1746057600000000,0.0002837099046046134,5.63657559725798,0.40130661128511613,118,0.42412357232388,0.4492440670645742,0.0022518529669022236,0.016866119233481358,536.4957627118644,0.09322033898305085,0,0,2025-05-01,5207259
1746064800000000,0.00010875582232969215,1.0044451566927177,0.03201425150818127,120,0.05874088372520048,0.7281445886221856,0.04250166879207862,0.010483812500369671,703.8416666666667,0.15833333333333333,0,0,2025-05-01,5207259
1746072000000000,0.00012054218684635786,2.5714431623552643,0.2617333380874606,120,0.3833438583906579,0.4761046475967543,0.01248050799717293,0.010489452999451365,511.9291666666667,0.041666666666666664,1,0,2025-05-01,5207259
1746079200000000,0.00016281362405470758,2.606103736600471,0.3810623190989376,118,0.538296480998168,0.4743416814472343,0.007761379024708859,0.0022336887400590255,571.5042372881356,0.059322033898305086,1,0,2025-05-01,5207259
1746086400000000,0.0002183039158706438,8.425893911706039,0.5058000007944258,118,0.5214732923163943,0.4957699319412855,0.011339879404289599,0.013770663858504117,882.0805084745763,0.06779661016949153,2,0,2025-05-01,5207259
1746093600000000,0.00015212285779309066,4.9750314473040325,0.22237134520570345,120,0.24686164808328626,0.4011068985318915,0.0034330671136866275,0.00954170613525307,511.525,0.075,2,0,2025-05-01,5207259
1746100800000000,0.00014052720518309514,1.8965852179912595,0.13812557661421632,120,0.3331437277865623,0.29220679613671396,0.004504620384108815,0.00012773782943131806,487.89166666666665,0.09166666666666666,3,0,2025-05-01,5207259
1746108000000000,0.00010426881727240997,4.175719956103649,0.23190371614208438,118,0.32321209844296095,0.306549224975181,0.00023576498293853554,0.021281914497548127,578.3177966101695,0.0847457627118644,3,0,2025-05-01,5207259
1746115200000000,0.00023225666603740895,8.765021403429085,0.5159521578971055,118,0.5195438994480461,0.48799633494857986,0.009499525150352905,0.007888318021399776,541.0847457627119,0.0847457627118644,4,0,2025-05-01,5207259
1746122400000000,0.00018350566669787045,7.148471296546817,0.4783188613607223,120,0.4909655785503456,0.16396491969182136,0.01046577545937133,0.0021959820654586792,934.0625,0.016666666666666666,4,0,2025-05-01,5207259
1746129600000000,7.682890197477198e-05,3.9671601681683315,0.4282373772830035,120,0.6812486903260548,0.513617527577673,0.0002071571201031075,0.002164608032707016,1230.1833333333334,0.03333333333333333,5,0,2025-05-01,5207259
1746136800000000,0.0001759631046038525,7.203980232301446,0.4483541228921626,118,0.4946950836366464,0.3791114829379131,0.013802177359720447,0.0008898093918610073,1126.75,0.025423728813559324,5,0,2025-05-01,5207259
1748736000000000,0.000129833806023692,17.346157185561623,0.6975725928764389,118,0.7008522807173994,0.3126858228392593,0.0002841403995561542,0.0036976439990644705,2350.0550847457625,0.0,0,1,2025-06-01,4349614
1748743200000000,0.0001302937493038559,11.783373936300523,0.7668157513082354,120,0.7954017214436427,0.26749517725734484,0.0679440370125699,0.05170080613548178,2034.7541666666666,0.0,0,1,2025-06-01,4349614
1748750400000000,0.0001354994334311208,17.122405283830375,0.8105438250096636,120,0.8110031256062231,0.3825753043209452,0.04482584958667046,0.006598603039639994,2346.641666666667,0.0,1,1,2025-06-01,4349614
1748757600000000,9.967240054488923e-05,9.849524463122648,0.7578540858842453,118,0.8012299107006289,0.2676713490389926,0.004252478987029629,0.015248944823041288,2543.7923728813557,0.00847457627118644,1,1,2025-06-01,4349614
1748764800000000,9.897103980491563e-05,12.84691685991973,0.6056792036745412,118,0.6221923997841035,0.3092435811842942,0.01661269839589441,0.015868841939935985,2647.0169491525426,0.01694915254237288,2,1,2025-06-01,4349614
1748772000000000,0.00010746116277461945,18.57099518942157,0.814885847710255,120,0.8429607808937559,0.3179750090453838,0.016679214159310396,0.023568204426034467,2627.241666666667,0.008333333333333333,2,1,2025-06-01,4349614
1748779200000000,0.00012837962558428037,13.035504101904326,0.7635395356571842,120,0.777131568355124,0.13881186293054038,0.0007095547925259904,9.696684812532386e-05,2338.5291666666667,0.016666666666666666,3,1,2025-06-01,4349614
1748786400000000,0.0001426209033024562,11.790886102942563,0.7720719688021237,118,0.7751244662759195,0.07338613742668476,0.009432602479631402,0.015152090874846369,2253.3686440677966,0.0,3,1,2025-06-01,4349614
1748793600000000,0.00013652102431064339,23.855613895171697,0.6617924376935276,118,0.6618440262772698,0.3869924370050837,0.01737750510482472,0.0029433778659855303,2316.3813559322034,0.0,4,1,2025-06-01,4349614
1748800800000000,0.00013166389983973795,14.333629949474824,0.6501210905195316,120,0.6521631672166981,0.36428878478360993,0.005781270391308602,0.006709898557264116,2354.366666666667,0.016666666666666666,4,1,2025-06-01,4349614
1748808000000000,0.00012377713003519476,8.439982619663786,0.456544089346113,120,0.47149810230512534,0.425105327610803,0.0006305598393149259,0.0063500903625529626,1855.1541666666667,0.008333333333333333,5,1,2025-06-01,4349614
1748815200000000,0.00012844974469519103,15.625869378002067,0.6257390000478338,118,0.6328550330372695,0.3381867257797144,0.0024679342402034177,5.423273910509785e-06,1947.8983050847457,0.00847457627118644,5,1,2025-06-01,4349614
1751328000000000,4.936294181757601e-05,34.10831620409993,0.8970259388959951,118,0.8970264775331993,0.280227232338198,0.0348554194825379,0.031048856720971352,7254.406779661017,0.0,0,0,2025-07-01,2679603
1751335200000000,5.034581846682034e-05,52.160182396772335,0.9311340829434122,120,0.9317915565504874,0.20423202075863633,0.08518854299409873,0.04585651415401215,6341.15,0.0,0,0,2025-07-01,2679603
1751342400000000,4.5828751672790725e-05,14.60534498824095,0.748993852933016,120,0.7529898940571125,0.291725816338148,0.029995418981408672,0.0068304544314709,6320.495833333333,0.0,1,0,2025-07-01,2679603
1751349600000000,4.9321187376483935e-05,18.24683718987747,0.8170755101613363,118,0.8171037034668617,0.2553004135071054,0.00031736717238717294,0.012227410084958645,6717.919491525424,0.0,1,0,2025-07-01,2679603
1751356800000000,4.4213097247665546e-05,25.181196017857207,0.8624151355498779,118,0.8630713856705469,0.3926784364316267,0.009192909524785797,0.00016747831728014528,7914.775423728814,0.0,2,0,2025-07-01,2679603
1751364000000000,4.2315980983870366e-05,22.695541439643318,0.8271962524696803,120,0.8298492973915861,0.28536379432963843,0.00031279178159482335,0.0022922460866807715,7772.129166666667,0.0,2,0,2025-07-01,2679603
1751371200000000,3.362484268561072e-05,14.098144755042117,0.852903142657196,120,0.855023465184562,0.14811574686800244,0.0010813821398857337,0.003506786961814501,10065.041666666666,0.0,3,0,2025-07-01,2679603
1751378400000000,4.319642631545436e-05,26.06837836192467,0.8639457394669648,118,0.8651147583758242,0.2130741807683787,0.0032172605929836617,0.007399167797941253,8573.18220338983,0.0,3,0,2025-07-01,2679603
1751385600000000,4.6031598654636396e-05,37.85446037805243,0.8918422694839615,118,0.8919563278902323,0.14048043977973812,0.0008584307713254136,0.000134303772242772,7751.737288135593,0.0,4,0,2025-07-01,2679603
1751392800000000,4.4385735853432e-05,20.127784134096853,0.8072814235721084,120,0.8109902477005142,0.2179760750865738,0.005701027023244265,0.0002698803298342156,7010.15,0.0,4,0,2025-07-01,2679603
1751400000000000,3.7664717761795336e-05,11.46156734663302,0.7701268828429925,120,0.8001271170606935,0.29373235015853993,0.00010464903147522353,3.754765718988473e-05,8602.954166666666,0.0,5,0,2025-07-01,2679603
1751407200000000,5.683421355522287e-05,23.17550911421256,0.8888941513515032,118,0.8889530488686967,0.44721592761336704,0.0009970218841772738,0.0011491480994235692,6918.614406779661,0.0,5,0,2025-07-01,2679603
1754006400000000,0.00011140055155112545,12.52057520939001,0.7582559064749387,118,0.7602152405925457,0.3418397558786871,0.020458968420544177,0.0158009517276253,2847.6906779661017,0.00847457627118644,0,0,2025-08-01,4993286
1754013600000000,0.00010202068322765533,14.432345187914063,0.7005942801829761,120,0.7007172960729321,0.26144814894799195,0.007290293010648097,0.0014014450597239492,3375.425,0.008333333333333333,0,0,2025-08-01,4993286
1754020800000000,0.00010753266364764185,19.7318285402282,0.8153927140899033,120,0.8345996599872919,0.23117750814517335,0.004814861674072857,0.011604074930424813,3347.920833333333,0.0,1,0,2025-08-01,4993286
1754028000000000,0.00010838130012336464,15.4213782305242,0.8016056471822789,118,0.8138867197763475,0.3014495416001123,0.0060774168696982045,0.01557460967748392,3014.665254237288,0.0,1,0,2025-08-01,4993286
1754035200000000,9.959976939784645e-05,8.455319144602687,0.7354254226645743,118,0.7418382399648807,0.4032491654670096,0.012330699682414292,0.03622622207110027,3615.8474576271187,0.025423728813559324,2,0,2025-08-01,4993286
1754042400000000,0.00011764739472264679,16.73807757278652,0.8095789380704737,120,0.819830885401774,0.2820312883951014,0.02173433480227127,0.002074748188454434,3054.6625,0.0,2,0,2025-08-01,4993286
1754049600000000,0.00010575755282715121,14.22844480700636,0.7310089403716353,120,0.7323349913579602,0.32007984149734925,0.0006184941233493557,0.004133036101157006,3300.45,0.016666666666666666,3,0,2025-08-01,4993286
1754056800000000,7.720075313251385e-05,9.726896590784628,0.6060500250785579,118,0.6195526230017239,0.24534208563547844,4.3125158707080224e-05,0.005351250809196961,3601.6398305084745,0.01694915254237288,3,0,2025-08-01,4993286
1754064000000000,9.063621942973987e-05,21.192649859487634,0.8312777042507649,118,0.8323491573859985,0.40282071779092976,0.023832223250235596,0.005354223551340409,3896.4491525423728,0.01694915254237288,4,0,2025-08-01,4993286
1754071200000000,9.587404137481495e-05,16.062784404796012,0.7654414886431486,120,0.7698264634052372,0.3151506852863436,1.193963622081462e-06,9.749209048370844e-05,3163.4958333333334,0.0,4,0,2025-08-01,4993286
1754078400000000,8.906509732465548e-05,14.564897113493204,0.7778117204185997,120,0.8080911797328574,0.3115579006465319,0.012319609861760727,0.0023857075342541556,3735.795833333333,0.008333333333333333,5,0,2025-08-01,4993286
1754085600000000,0.00014869071962707688,18.125130914649972,0.7738504195275471,118,0.7785694785737064,0.40403754736645414,0.0218334505679062,0.0156810869155527,2166.322033898305,0.025423728813559324,5,0,2025-08-01,4993286
1756684800000000,5.1467568052592094e-05,12.139624874430872,0.823922804315973,118,0.8495845066585131,0.2656171886078045,0.0021499594249489995,0.0007754711176192197,6537.868644067797,0.0,0,0,2025-09-01,3448983
1756692000000000,4.245072303096869e-05,13.481045986230669,0.811068221824395,120,0.811635470906253,0.42035661739862895,0.007389807394424963,0.002807893544330309,9376.983333333334,0.0,0,0,2025-09-01,3448983
1756699200000000,3.447792044271604e-05,22.959211118927108,0.865379080223125,120,0.8697990797862198,0.16302334593078516,0.006805230303984278,0.003436315985467786,10365.575,0.0,1,0,2025-09-01,3448983
1756706400000000,5.2382799723660294e-05,31.678230524918714,0.8876679134502036,118,0.8888042172251234,0.19169091113124825,0.001645493261145048,0.0011270335794403286,6828.792372881356,0.0,1,0,2025-09-01,3448983
1756713600000000,3.55899155595843e-05,7.259843578753631,0.7329340353170517,118,0.7713127444268509,0.29877922897619225,0.00013725932952635134,7.071261017332908e-05,8816.97033898305,0.01694915254237288,2,0,2025-09-01,3448983
1756720800000000,4.088770032647028e-05,26.8677951722066,0.8995983144380771,120,0.9058941296906946,0.23758567487852644,0.0028592920391540266,0.0007593274339691147,9768.25,0.0,2,0,2025-09-01,3448983
1756728000000000,3.829289097628317e-05,10.007136647897152,0.8502477081394977,120,0.9030215982140077,0.1418978843154297,0.00872415475113586,0.03665056757870777,9021.870833333332,0.0,3,0,2025-09-01,3448983
1756735200000000,5.243721650999533e-05,26.577979607138783,0.8719795932854941,118,0.8720122943113338,0.2930924993853372,0.024986200106832945,0.020008425163947186,7542.326271186441,0.0,3,0,2025-09-01,3448983
1756742400000000,4.028145946010087e-05,25.712929698985754,0.889387109044589,118,0.894997051006801,0.22277050359728767,0.01193504626380526,0.00903708719585894,9090.097457627118,0.00847457627118644,4,0,2025-09-01,3448983
1756749600000000,4.2308585003491154e-05,27.280913614539703,0.9005680814013078,120,0.9009258032898788,0.28710803194284373,0.03856966459789679,0.030091124829893068,8260.525,0.0,4,0,2025-09-01,3448983
1756756800000000,4.478457687768476e-05,13.820717712019437,0.7539258663896561,120,0.7609773383013896,0.5471820254117541,0.011222109569339778,0.0014988796096054857,7354.395833333333,0.025,5,0,2025-09-01,3448983
1756764000000000,6.283203096284382e-05,18.05825485816639,0.8194612712028229,118,0.8260594021523078,0.11865965868651873,0.002157393213000236,0.017909891499016783,5922.046610169492,0.0,5,0,2025-09-01,3448983
1759276800000000,0.00010610273479865398,14.995112428821352,0.786723172976598,118,0.7909667067185517,0.3861766828530483,1.547082949526768e-05,0.005744377525724653,2977.148305084746,0.0,0,0,2025-10-01,3016988
1759284000000000,0.00011354451452841847,16.042116283151145,0.8088416942053749,120,0.8220799761019572,0.3208398628228254,0.010903499984071141,0.0026834207794839138,2302.5291666666667,0.008333333333333333,0,0,2025-10-01,3016988
1759291200000000,9.219698005556315e-05,8.141982422577607,0.6271878086835317,120,0.7970754191909125,0.2921235822907593,0.006060201868504533,0.025447115970734013,2486.141666666667,0.0,1,0,2025-10-01,3016988
1759298400000000,6.788905752345746e-05,7.780904726498721,0.6290492568447013,118,0.6673319950800525,0.24692166014883532,0.0032136096879459286,0.00017352136247539285,1837.1610169491526,0.0,1,0,2025-10-01,3016988
1759305600000000,8.90153842826492e-05,7.410744287787566,0.5101201488750398,118,0.5785851891248314,0.3915413816718615,0.0003561145034894908,0.0028939034202316583,1875.2838983050847,0.03389830508474576,2,0,2025-10-01,3016988
1759312800000000,7.103209757446495e-05,5.700335369454178,0.4656423039836607,120,0.6093910180408479,0.35097177077441777,0.013539354668790637,0.00017091713911632223,1897.0291666666667,0.0,2,0,2025-10-01,3016988
1759320000000000,8.662759525764693e-05,5.845030803865627,0.4755572696213476,120,0.6171689144349934,0.2172216557544735,0.014672290263947008,0.0072164759262094424,1710.0708333333334,0.0,3,0,2025-10-01,3016988
1759327200000000,0.00017828707747322354,28.567653007318818,0.8077307794970077,118,0.8079009191970942,0.2630133398419511,0.0040884724082346224,0.009252424863208986,1804.3093220338983,0.00847457627118644,3,0,2025-10-01,3016988
1759334400000000,0.00013112551031021767,9.20469334190262,0.752784606534998,118,0.8164895565098313,0.4363575162436252,0.0011670421570153522,0.0026485662666526633,1886.800847457627,0.01694915254237288,4,0,2025-10-01,3016988
1759341600000000,0.00011653177043272913,14.900908918090504,0.8192161482177482,120,0.8490038008002158,0.3326985523220247,0.000379907273315494,0.013408230514069475,2399.5583333333334,0.0,4,0,2025-10-01,3016988
1759348800000000,0.00010103928220331918,12.59970065839775,0.7878632623834847,120,0.8049496970984129,0.4910871066174939,0.003926160265237177,0.0007297437444263588,3099.579166666667,0.008333333333333333,5,0,2025-10-01,3016988
1759356000000000,9.553284025794437e-05,13.693882461731432,0.7424402633838529,118,0.7553290056238418,0.3696990209696468,0.0013945319056306582,0.014312850053119663,2835.8050847457625,0.0,5,0,2025-10-01,3016988
1761955200000000,5.769487140237364e-05,5.6091641662561385,0.6647598451789289,118,0.7886042752692439,0.19663418224818174,0.002789930702352228,0.031241471413534505,4358.872881355932,0.0,0,1,2025-11-01,2900011
1761962400000000,5.810803877132666e-05,14.089417488424225,0.5451886809288382,120,0.5461859976075578,0.30992394802126944,0.0015319992357203382,0.05113424977454173,4750.25,0.0,0,1,2025-11-01,2900011
1761969600000000,7.922434674998788e-05,6.703119896356215,0.7529866269471057,120,0.8299921059728074,0.22020805756297468,0.03136557650204286,0.0008502798559615332,3658.133333333333,0.0,1,1,2025-11-01,2900011
1761976800000000,6.906782506633957e-05,8.614061822710292,0.6519103998207607,118,0.6560268407559124,0.23649399305924168,0.031559339977049294,0.003333602275658598,5139.207627118644,0.0,1,1,2025-11-01,2900011
1761984000000000,0.00012004686542175347,8.77062404021233,0.6061774554820258,118,0.6100952153463841,0.41123078748278363,0.01324652632765666,0.00022549181450592926,2355.237288135593,0.0,2,1,2025-11-01,2900011
1761991200000000,0.00011066325531026308,5.621891670069515,0.6447690283269292,120,0.7419873342802437,0.4749574431672343,0.007366193700769075,0.0005985613109943388,2130.8,0.0,2,1,2025-11-01,2900011
1761998400000000,0.00012125317941655327,10.023538167401567,0.5760395479299092,120,0.6071082612901164,0.3490747963119434,0.004417080398919415,0.023939673783754056,3136.3458333333333,0.0,3,1,2025-11-01,2900011
1762005600000000,9.492351776923543e-05,6.4019780723110005,0.49873597145035864,118,0.5204498853353341,0.40129859673822177,0.000508326416462368,0.036160847572102806,2151.9406779661017,0.0,3,1,2025-11-01,2900011
1762012800000000,7.228951116718018e-05,3.7406648510439933,0.49835552457575494,118,0.7904000721955191,0.4091256117360834,0.0005256960373248853,0.0002478073386598112,2357.2033898305085,0.0,4,1,2025-11-01,2900011
1762020000000000,6.773877105464068e-05,6.358297223174553,0.5770441221761837,120,0.7538034461088132,0.06836656875974412,0.006827549555041168,0.0028539669690770264,3482.5875,0.0,4,1,2025-11-01,2900011
1762027200000000,5.4412287691810126e-05,6.40422516457074,0.30749601770352586,120,0.34764588626483917,0.24817515810088542,0.003484822264699039,0.0023251253349348966,2939.4958333333334,0.0,5,1,2025-11-01,2900011
1762034400000000,6.015371230614804e-05,5.567141424882149,0.5437017110182127,118,0.63189168338242,0.20285225531721385,0.00021743061736079206,0.012005977176682836,4413.953389830508,0.0,5,1,2025-11-01,2900011
1764547200000000,6.474134838358874e-05,12.228659149004597,0.6779720386418098,118,0.6822562745427636,0.27880124413143437,0.03693088122457033,0.012981546646179565,3174.5550847457625,0.0423728813559322,0,0,2025-12-01,2580201
1764554400000000,4.153300309700966e-05,12.132514331350313,0.7017791942132308,120,0.704968439059977,0.3192186735084521,0.004400453735493581,0.019439838281641197,4432.0625,0.008333333333333333,0,0,2025-12-01,2580201
1764561600000000,3.520735969594414e-05,10.550198569646287,0.6124830507554807,120,0.6147862461912035,0.26967811575288547,0.001069669400622697,0.00027857088069116465,5948.954166666666,0.0,1,0,2025-12-01,2580201
1764568800000000,4.239425424656029e-05,17.64999797151821,0.85480464951232,118,0.855330329116345,0.3707849586532268,0.01365323746538838,0.004109906838474453,5331.953389830508,0.00847457627118644,1,0,2025-12-01,2580201
1764576000000000,3.617172575871562e-05,11.959298765811301,0.8164254060167716,118,0.8177715303792914,0.31299471313224925,0.0021479578654749476,1.376762456717362e-05,5816.927966101695,0.00847457627118644,2,0,2025-12-01,2580201
1764583200000000,3.2284481641610544e-05,17.70973485273805,0.792218442803197,120,0.7925731313806947,0.2171846400891979,0.011488671699324438,0.006057031916855249,6649.808333333333,0.0,2,0,2025-12-01,2580201
1764590400000000,4.128748242432686e-05,14.293082071238963,0.6494254562758845,120,0.6515597203890019,0.3062850589369229,0.0004956251062349093,0.0007475385812812929,5887.325,0.025,3,0,2025-12-01,2580201
1764597600000000,3.877762648533843e-05,7.903404454237158,0.659338213334897,118,0.6643813161867846,0.43510004905789157,9.102840703434367e-10,0.0004272300257449624,5783.466101694915,0.03389830508474576,3,0,2025-12-01,2580201
1764604800000000,9.66093696502674e-06,2.466889721391568,0.32203567568722735,118,0.7726313170740665,0.0046396611020417255,0.017938982467851083,0.0022570868353517515,5892.067796610169,0.0423728813559322,4,0,2025-12-01,2580201
1764612000000000,3.3046635744105195e-05,13.711495918338954,0.6157753482127333,120,0.6216986898595775,0.10979484000188044,0.005543402530894803,0.011502610491625265,5815.85,0.008333333333333333,4,0,2025-12-01,2580201
1764619200000000,4.3343142734135615e-05,17.651187023249868,0.6839102922819476,120,0.6848143588859723,0.28048974385948255,2.0069980329995296e-05,0.0028434420159428875,6364.583333333333,0.025,5,0,2025-12-01,2580201
1764626400000000,5.275930749279178e-05,10.647832967418859,0.8009341950962872,118,0.8357534881774256,0.4982335313040862,1.1917592139809585e-06,0.005409477037014221,5668.025423728814,0.0,5,0,2025-12-01,2580201
1767225600000000,1.951399664946719e-05,9.28358136027703,0.7726573360698427,118,0.8359623867543448,0.15697689228908418,0.0045115923810299385,0.00037595884707430915,13245.233050847457,0.0,0,0,2026-01-01,1446018
1767232800000000,2.065709918979323e-05,15.733606474618751,0.8618267916639932,120,0.8621547785661369,0.18119710966790725,0.0013196681374049168,0.0015290738367514933,13526.283333333333,0.0,0,0,2026-01-01,1446018
1767240000000000,2.4912558771130007e-05,11.845906680022775,0.8213247017952955,120,0.8302071901114906,0.3979419705590067,0.0032569092837811953,9.706642684426114e-05,11475.445833333333,0.0,1,0,2026-01-01,1446018
1767247200000000,1.882192608651574e-05,12.819085701035215,0.7790291403842216,118,0.788959514430784,0.24517573736562015,0.0037529083552170217,0.00010109445445860565,12653.627118644068,0.0,1,0,2026-01-01,1446018
1767254400000000,1.8027347174225744e-05,10.611369682226087,0.7890417616086641,118,0.7991989713851106,0.28520419616212667,0.01250748610712582,0.006948184354276354,14339.39406779661,0.0,2,0,2026-01-01,1446018
1767261600000000,1.5409973336745296e-05,11.386931919143288,0.6669071320215292,120,0.6817457403501306,0.34433430484176286,0.023400425819124826,0.010919034096478653,15756.304166666667,0.0,2,0,2026-01-01,1446018
1767268800000000,1.7823922554995663e-05,19.72987206970821,0.8376422635027452,120,0.8378134767476275,0.2557362733000671,0.00679888358182168,0.004868329461307108,17528.404166666667,0.0,3,0,2026-01-01,1446018
1767276000000000,2.5802296001943877e-05,11.619647413113585,0.8748260148079013,118,0.8783813821053675,0.3227515655954818,0.0015553343606680148,0.00016397611059815187,13932.512711864407,0.0,3,0,2026-01-01,1446018
1767283200000000,2.392085578709899e-05,19.373966331482364,0.8114485342470338,118,0.8183244791373621,0.1538141712047001,0.020386691046456185,0.018599285678127853,11653.792372881357,0.0,4,0,2026-01-01,1446018
1767290400000000,1.895836074634966e-05,6.0260820660544345,0.7544929747794954,120,0.8005526701028676,0.2592358973127217,0.0035271018091667106,0.04158597368693284,14421.6125,0.0,4,0,2026-01-01,1446018
1767297600000000,2.4328743642988213e-05,16.371346097802842,0.8547084737069968,120,0.8551141653195483,0.28365033653957716,0.0017338484968586476,0.005571720128435098,13627.5625,0.0,5,0,2026-01-01,1446018
1767304800000000,3.2718045240993807e-05,13.208583316100269,0.8438518955956331,118,0.8438735728725469,0.32613132103951326,0.01244959109086452,9.012374486672137e-05,10727.881355932202,0.0,5,0,2026-01-01,1446018
1769904000000000,2.0527534581537533e-05,6.757737793390555,0.6595806776942774,118,0.7634596314205407,0.36921846516011314,0.002280881360293585,0.010571636874819212,8763.266949152543,0.0,0,1,2026-02-01,2280649
1769911200000000,4.128330413685516e-05,13.338859233137958,0.7874984612476832,120,0.79391322123824,0.2608969218729459,0.03630748119867999,0.046035938469983995,5786.4625,0.0,0,1,2026-02-01,2280649
1769918400000000,2.741777730475611e-05,9.557651669506264,0.7022764760587523,120,0.7168301529575781,0.16886944564207507,0.026839179764698073,0.058471817896663225,6829.7625,0.0,1,1,2026-02-01,2280649
1769925600000000,2.899728558101752e-05,13.517635557110575,0.7890582629773206,118,0.7938032595151617,0.18520858214825608,1.1359595859405935e-05,0.0008626398994969753,7570.614406779661,0.0,1,1,2026-02-01,2280649
1769932800000000,1.886528731476477e-05,6.542005086380687,0.4655731100134518,118,0.471178922939268,0.3394936317489754,0.002048454555392043,0.01568625759546316,9414.77966101695,0.0,2,1,2026-02-01,2280649
1769940000000000,2.48520374716215e-05,8.089489534280034,0.6530602277686681,120,0.654656760364251,0.48635536901041354,0.0034174990719459952,0.0032252058376506243,8242.229166666666,0.0,2,1,2026-02-01,2280649
1769947200000000,2.6063205223839466e-05,9.46851497704965,0.7326680704328328,120,0.7650017858090725,0.29553617373157526,0.005573352244829799,0.0021061194477836054,9317.420833333334,0.008333333333333333,3,1,2026-02-01,2280649
1769954400000000,2.7480332037676086e-05,13.815361989836111,0.7429426257572973,118,0.7432417882639337,0.19593709443283125,0.011292182767135617,3.010742816167422e-05,7702.173728813559,0.01694915254237288,3,1,2026-02-01,2280649
1769961600000000,3.08121196057162e-05,15.883879975003138,0.8215247777783221,118,0.8216753947387532,0.3970900552014004,0.053810540567093,0.03227045883843371,6307.512711864407,0.0,4,1,2026-02-01,2280649
1769968800000000,2.8875894948732872e-05,7.652412981926,0.6923085258261099,120,0.6929335409556105,0.5609496808187576,0.0017042645157674396,0.007972177615116038,7780.704166666666,0.0,4,1,2026-02-01,2280649
1769976000000000,2.657548141846241e-05,13.795581540791558,0.7187866333458001,120,0.7396966964961338,0.32547524042779286,5.977845449189889e-05,0.003990466062732234,6613.829166666666,0.008333333333333333,5,1,2026-02-01,2280649
1769983200000000,3.8990659752335e-05,10.49684219185825,0.723368389222108,118,0.7374051745158434,0.2976122483416279,0.0032158928758635463,0.002044276164326342,4905.932203389831,0.025423728813559324,5,1,2026-02-01,2280649
1772323200000000,1.288853860733705e-05,6.528610188364648,0.5332273049446172,118,0.6312763163012258,0.24824619775807988,0.00035479300971641425,0.007866325731952006,12379.737288135593,0.0,0,1,2026-03-01,1479847
1772330400000000,4.265818910179524e-05,13.583204807003375,0.7977551065830965,120,0.8076457566803639,0.40062953093043274,0.01864844579204228,0.006993975702798583,6279.333333333333,0.016666666666666666,0,1,2026-03-01,1479847
1772337600000000,2.0038743558719967e-05,4.967259245404085,0.637627157632297,120,0.7892062910452455,0.4356938589309516,0.035085711056018765,0.0033587756693387316,8704.679166666667,0.008333333333333333,1,1,2026-03-01,1479847
1772344800000000,2.7186797939244376e-05,11.809070697989325,0.7415036711990737,118,0.7438238369337451,0.5179302827212287,0.003146244729870573,0.0173257054474949,10545.35593220339,0.00847457627118644,1,1,2026-03-01,1479847
1772352000000000,2.4742638665408104e-05,12.065948948427126,0.7264350727822502,118,0.7266618477285491,0.31143196366784376,0.04060434689287218,0.0029187314381190488,9779.49152542373,0.0,2,1,2026-03-01,1479847
1772359200000000,2.7606286664727132e-05,24.30359624345222,0.8875769152006853,120,0.8925147882391118,0.3788665122386021,0.00228727209956614,0.0009694932806253442,9112.329166666666,0.0,2,1,2026-03-01,1479847
1772366400000000,3.0978193709579803e-05,15.225034661364539,0.8610372935110189,120,0.889409851360766,0.41337645356725206,0.010196293664525458,0.003037501848967561,9723.5375,0.0,3,1,2026-03-01,1479847
1772373600000000,3.0283397371726915e-05,33.28211596862745,0.8661234816073925,118,0.8669553418217999,0.18774300557944745,0.004729919160080143,0.005600558738187211,8488.381355932202,0.0,3,1,2026-03-01,1479847
1772380800000000,2.927919708004124e-05,12.17653408760887,0.7901967105719883,118,0.79066561138881,0.17679215818110294,0.003416739498059318,0.012292489466826262,9532.987288135593,0.0,4,1,2026-03-01,1479847
1772388000000000,2.6829393020615036e-05,11.076735729733088,0.7922827583913732,120,0.8002835583498741,0.40865340675076367,0.00320937245542785,0.0025032404908122974,9535.416666666666,0.008333333333333333,4,1,2026-03-01,1479847
1772395200000000,2.7455909130413476e-05,20.17190256462025,0.7836506279714435,120,0.7856888038447853,0.3737787367537899,0.006439868910192548,0.0003854675108547756,10535.916666666666,0.0,5,1,2026-03-01,1479847
1772402400000000,3.710657967699884e-05,18.703728897666622,0.9015787395198116,118,0.9103470728682461,0.5796014426515352,0.026436550413405757,0.010291488189796416,8116.53813559322,0.00847457627118644,5,1,2026-03-01,1479847
